Label,0,1
Healthy,17.97,82.03
Acct_Distress,16.48,83.52000000000001
Cash_Distress,25.480000000000004,74.52
Full_Distress,15.160000000000002,84.84
