Label,0,1
Healthy,42.57,57.43000000000001
Acct_Distress,33.1,66.9
Cash_Distress,26.229999999999997,73.77
Full_Distress,30.75,69.25
