Label,0,1
Healthy,5.5,94.5
Acct_Distress,2.9899999999999998,97.00999999999999
Cash_Distress,5.47,94.53
Full_Distress,5.94,94.06
