{
  "model_A": {
    "num_leaves": 58,
    "max_depth": 8,
    "learning_rate": 0.01444156007099396,
    "n_estimators": 460,
    "min_child_samples": 93,
    "feature_fraction": 0.6664261937705918,
    "bagging_fraction": 0.684209420604963,
    "lambda_l1": 2.7186125574552213,
    "lambda_l2": 3.8274695099086364
  },
  "model_B": {
    "num_leaves": 183,
    "max_depth": 5,
    "learning_rate": 0.01923963114111491,
    "n_estimators": 770,
    "min_child_samples": 87,
    "feature_fraction": 0.9158506671598156,
    "bagging_fraction": 0.6443670342962173,
    "lambda_l1": 3.1002262211733544,
    "lambda_l2": 4.504151873356765
  },
  "model_4class": {
    "num_leaves": 84,
    "max_depth": 5,
    "learning_rate": 0.06333268775321843,
    "n_estimators": 198,
    "min_child_samples": 82,
    "feature_fraction": 0.5372753218398854,
    "bagging_fraction": 0.9934434683002586,
    "lambda_l1": 3.861223846483287,
    "lambda_l2": 0.993578407670862
  },
  "device": "gpu",
  "n_trials": 60,
  "random_seed": 42
}